-- 本地演示数据（INSERT OR IGNORE，可重复执行）
-- 要求：各业务环节演示条数 ≥5；维保六大类型各 ≥5 条

-- ========== 资产台账（10 条）==========
INSERT OR IGNORE INTO assets (
  id, name, type, identifier, purchase_date,
  insurance_expiry, inspection_expiry, operating_permit_expiry,
  last_maintenance_date, next_maintenance_mileage, current_mileage, current_hours,
  status, metadata, created_at
) VALUES
  ('11111111-1111-1111-1111-111111111101', '轻型货车 A1', '车辆', '粤A·D12345', '2021-03-15',
   '2026-08-20', '2026-05-10', NULL,
   '2025-12-01', '90000', '83500', NULL,
   'active', '{"载重":"1.5t","车队":"一车队"}', datetime('now')),
  ('11111111-1111-1111-1111-111111111102', '挖掘机 X3', '机械', 'GC-9088', '2020-08-01',
   NULL, NULL, NULL,
   '2025-11-20', NULL, NULL, '3250',
   'active', '{"斗容":"0.6m³","品牌":"卡特"}', datetime('now')),
  ('11111111-1111-1111-1111-111111111103', '柴油发电机 200kW', '设备', 'GEN-200-03', '2022-01-10',
   NULL, NULL, NULL,
   '2025-10-05', NULL, NULL, NULL,
   'active', '{"功率":"200kW","放置":"拌合站"}', datetime('now')),
  ('11111111-1111-1111-1111-111111111104', '弯沉检测车', '车辆', '粤B·9K882', '2019-06-01',
   '2026-03-15', '2026-06-01', NULL,
   '2025-09-18', '120000', '118200', NULL,
   'active', '{"用途":"路面检测"}', datetime('now')),
  ('11111111-1111-1111-1111-111111111105', '电动叉车', '机械', 'FK-015', '2023-04-20',
   NULL, NULL, NULL,
   '2026-01-08', NULL, NULL, '890',
   'maintenance', '{"吨位":"3t"}', datetime('now')),
  ('11111111-1111-1111-1111-111111111106', '重型货车 B2', '车辆', '粤A·H99887', '2022-11-01',
   '2026-09-01', '2026-04-01', NULL,
   '2025-11-15', '150000', '142000', NULL,
   'active', '{"载重":"8t","车队":"二车队"}', datetime('now')),
  ('11111111-1111-1111-1111-111111111107', '静碾压路机 YL', '机械', 'YL-772', '2018-04-12',
   NULL, NULL, NULL,
   '2025-12-10', NULL, NULL, '5200',
   'active', '{"吨位":"20t"}', datetime('now')),
  ('11111111-1111-1111-1111-111111111108', '螺杆空压机 55kW', '设备', 'KP-55-08', '2021-07-20',
   NULL, NULL, NULL,
   '2025-11-01', NULL, NULL, NULL,
   'active', '{"排气量":"8m³/min"}', datetime('now')),
  ('11111111-1111-1111-1111-111111111109', '汽车吊 25t', '机械', 'DC-25T-09', '2017-09-30',
   NULL, NULL, NULL,
   '2025-10-20', NULL, NULL, '8800',
   'active', '{"主臂":"33m"}', datetime('now')),
  ('11111111-1111-1111-1111-111111111110', '工程皮卡', '车辆', '粤D·66N01', '2024-02-14',
   '2026-07-01', '2027-01-01', NULL,
   '2025-12-28', '80000', '18500', NULL,
   'active', '{"用途":"现场巡查"}', datetime('now'));

-- ========== 维保记录（六大类型各 5 条，共 30 条）==========
INSERT OR IGNORE INTO maintenance_records (
  id, asset_id, type, date, value, project, project_child, cost, operator, assignee, vendor,
  description, next_plan_date, next_plan_value, parts_json, r2_key, created_at
) VALUES
  -- 保养 ×5
  ('22222222-2222-2222-2222-222222222201', '11111111-1111-1111-1111-111111111101', '保养', '2025-12-01', '82000',
   '车辆', '货车', '680', '王工', '王工', '快修连锁天河店', '更换机油、机滤、空滤，检查制动液', '2026-06-01', '92000', NULL, NULL, datetime('now')),
  ('22222222-2222-2222-2222-222222222204', '11111111-1111-1111-1111-111111111103', '保养', '2025-10-05', NULL,
   '设备', '发电机', '450', '周工', '周工', NULL, '更换机油、机滤、柴滤，负载试机 2h', '2026-04-05', NULL, NULL, NULL, datetime('now')),
  ('22222222-2222-2222-2222-222222222209', '11111111-1111-1111-1111-111111111104', '保养', '2025-11-28', '117500',
   '车辆', '检测车', '890', '陈工', '陈工', '特约服务站', '按厂家套餐 A 保养，更换齿轮油', '2026-05-28', '123000', NULL, NULL, datetime('now')),
  ('22222222-2222-2222-2222-222222222210', '11111111-1111-1111-1111-111111111106', '保养', '2025-11-18', '140500',
   '车辆', '货车', '1280', '马工', '马工', '重卡服务站', '发动机深度保养，清洗喷油嘴', '2026-05-18', '148000', NULL, NULL, datetime('now')),
  ('22222222-2222-2222-2222-222222222211', '11111111-1111-1111-1111-111111111108', '保养', '2025-09-12', NULL,
   '设备', NULL, '320', '周工', NULL, NULL, '空滤、油分更换，检查皮带张紧', '2026-03-12', NULL, NULL, NULL, datetime('now')),
  -- 检修 ×5
  ('22222222-2222-2222-2222-222222222202', '11111111-1111-1111-1111-111111111102', '检修', '2025-11-20', '3100',
   '设备', '注浆机', '1200', '李工', '李工', '机械维保部', '液压系统保压试验，更换回转接头密封', '2026-05-20', '4000', NULL, NULL, datetime('now')),
  ('22222222-2222-2222-2222-222222222205', '11111111-1111-1111-1111-111111111104', '检修', '2025-09-18', '118200',
   '车辆', '检测车', '5600', '陈工', '陈工', '4S 授权服务站', '制动系统深度保养、四轮定位、动平衡', '2026-03-18', '125000', NULL, NULL, datetime('now')),
  ('22222222-2222-2222-2222-222222222212', '11111111-1111-1111-1111-111111111103', '检修', '2025-08-30', NULL,
   '设备', '发电机', '780', '周工', '周工', NULL, 'AVR 电压波动排查，碳刷磨损测量正常', '2026-02-28', NULL, NULL, NULL, datetime('now')),
  ('22222222-2222-2222-2222-222222222213', '11111111-1111-1111-1111-111111111107', '检修', '2025-12-05', '5150',
   '设备', NULL, '2100', '李工', NULL, NULL, '振动轮轴承异响排查，补充润滑脂', '2026-06-05', '5800', NULL, NULL, datetime('now')),
  ('22222222-2222-2222-2222-222222222214', '11111111-1111-1111-1111-111111111109', '检修', '2025-10-12', '8650',
   '设备', NULL, '4500', '孙工', '孙工', '吊装维保站', '卷扬钢丝绳探伤，更换 12m 段', '2026-04-12', '9200', NULL, NULL, datetime('now')),
  -- 年审 ×5
  ('22222222-2222-2222-2222-222222222203', '11111111-1111-1111-1111-111111111101', '年审', '2025-05-08', '78000',
   '车辆', '货车', '380', '赵工', NULL, '天河机动车检测站', '上线年审一次通过，灯光制动合格', '2026-05-01', NULL, NULL, NULL, datetime('now')),
  ('22222222-2222-2222-2222-222222222215', '11111111-1111-1111-1111-111111111104', '年审', '2025-06-02', '116800',
   '车辆', '检测车', '420', '赵工', NULL, '南山检测站', '专项作业车年审，称重轴荷符合公告', '2026-06-01', NULL, NULL, NULL, datetime('now')),
  ('22222222-2222-2222-2222-222222222216', '11111111-1111-1111-1111-111111111106', '年审', '2025-04-22', '138200',
   '车辆', '货车', '520', '赵工', NULL, '黄埔检测站', '重型货车外廓尺寸复核，反光标识整改后合格', '2026-04-20', NULL, NULL, NULL, datetime('now')),
  ('22222222-2222-2222-2222-222222222217', '11111111-1111-1111-1111-111111111110', '年审', '2025-12-20', '18200',
   '车辆', '小车', '360', '赵工', NULL, '汕头检测站', '六年免检后首次上线，OBD 无故障码', '2026-12-15', NULL, NULL, NULL, datetime('now')),
  ('22222222-2222-2222-2222-222222222218', '11111111-1111-1111-1111-111111111101', '年审', '2024-05-10', '72000',
   '车辆', '货车', '350', '赵工', NULL, '天河检测站', '上年度年审记录（历史）', NULL, NULL, NULL, NULL, datetime('now')),
  -- 保险 ×5
  ('22222222-2222-2222-2222-222222222206', '11111111-1111-1111-1111-111111111104', '保险', '2025-03-01', NULL,
   '车辆', '检测车', '12800', '内勤-林', NULL, '人保财险', '交强险+商业三者200万+车上人员', '2026-03-01', NULL, NULL, NULL, datetime('now')),
  ('22222222-2222-2222-2222-222222222219', '11111111-1111-1111-1111-111111111101', '保险', '2025-08-20', NULL,
   '车辆', '货车', '6850', '内勤-林', NULL, '平安财险', '续保，新增医保外用药责任险', '2026-08-20', NULL, NULL, NULL, datetime('now')),
  ('22222222-2222-2222-2222-222222222220', '11111111-1111-1111-1111-111111111106', '保险', '2025-09-01', NULL,
   '车辆', '货车', '11200', '内勤-林', NULL, '太平洋财险', '营运险批单，增加货物险 50 万', '2026-09-01', NULL, NULL, NULL, datetime('now')),
  ('22222222-2222-2222-2222-222222222221', '11111111-1111-1111-1111-111111111107', '保险', '2025-01-15', NULL,
   '设备', NULL, '2800', '内勤-林', NULL, '太保财险', '工程机械设备财产一切险附加第三者', '2026-01-15', NULL, NULL, NULL, datetime('now')),
  ('22222222-2222-2222-2222-222222222222', '11111111-1111-1111-1111-111111111110', '保险', '2025-07-10', NULL,
   '车辆', '小车', '4200', '内勤-林', NULL, '人保财险', '非营运小型客车标准套餐', '2026-07-10', NULL, NULL, NULL, datetime('now')),
  -- 维修 ×5
  ('22222222-2222-2222-2222-222222222207', '11111111-1111-1111-1111-111111111105', '维修', '2026-01-08', '850',
   '设备', NULL, '2100', '刘工', '刘工', NULL, '起升电机异响，更换碳刷、轴承，试车正常', '2026-07-08', NULL, NULL, NULL, datetime('now')),
  ('22222222-2222-2222-2222-222222222223', '11111111-1111-1111-1111-111111111102', '维修', '2025-07-14', '2850',
   '设备', '注浆机', '5600', '李工', '李工', NULL, '主泵压力不足，更换柱塞密封组件', NULL, NULL, NULL, NULL, datetime('now')),
  ('22222222-2222-2222-2222-222222222224', '11111111-1111-1111-1111-111111111104', '维修', '2025-04-03', '115000',
   '车辆', '检测车', '3200', '陈工', NULL, NULL, '空调压缩机抱死，更换压缩机与干燥瓶', NULL, NULL, NULL, NULL, datetime('now')),
  ('22222222-2222-2222-2222-222222222225', '11111111-1111-1111-1111-111111111109', '维修', '2025-11-01', '8700',
   '设备', NULL, '12800', '孙工', '孙工', NULL, '伸缩油缸内泄，返厂更换油缸总成', NULL, NULL, NULL, NULL, datetime('now')),
  ('22222222-2222-2222-2222-222222222226', '11111111-1111-1111-1111-111111111110', '维修', '2025-10-08', '17200',
   '车辆', '小车', '1850', '刘工', NULL, NULL, '四驱系统故障灯，更换前轮速传感器', NULL, NULL, NULL, NULL, datetime('now')),
  -- 换件 ×5
  ('22222222-2222-2222-2222-222222222208', '11111111-1111-1111-1111-111111111102', '换件', '2025-08-02', '2980',
   '设备', '注浆机', '3400', '李工', NULL, NULL, '履带张紧油缸漏油，更换密封套件及防尘圈', NULL, NULL, NULL, NULL, datetime('now')),
  ('22222222-2222-2222-2222-222222222227', '11111111-1111-1111-1111-111111111101', '换件', '2025-06-18', '80000',
   '车辆', '货车', '2400', '王工', NULL, '快修店', '前轮轮胎磨偏，更换两条导向花纹胎', NULL, NULL, NULL, NULL, datetime('now')),
  ('22222222-2222-2222-2222-222222222228', '11111111-1111-1111-1111-111111111103', '换件', '2025-05-22', NULL,
   '设备', '发电机', '1680', '周工', NULL, NULL, '蓄电池老化，更换 200Ah 免维护电池组', NULL, NULL, NULL, NULL, datetime('now')),
  ('22222222-2222-2222-2222-222222222229', '11111111-1111-1111-1111-111111111107', '换件', '2025-03-10', '4980',
   '设备', NULL, '9200', '李工', NULL, NULL, '振动马达联轴器断裂，更换联轴器与缓冲块', NULL, NULL, NULL, NULL, datetime('now')),
  ('22222222-2222-2222-2222-222222222230', '11111111-1111-1111-1111-111111111108', '换件', '2025-11-25', NULL,
   '设备', NULL, '1100', '周工', NULL, NULL, '最小压力阀卡滞，更换阀体总成', NULL, NULL, NULL, NULL, datetime('now'));

-- ========== 提醒（12 条）==========
INSERT OR IGNORE INTO reminders (
  id, asset_id, task_type, due_date, repeat_rule, severity, is_escalated, is_notified, created_at
) VALUES
  ('33333333-3333-3333-3333-333333333301', '11111111-1111-1111-1111-111111111101', '年审', '2026-05-10', 'yearly', 'high', 0, 0, datetime('now')),
  ('33333333-3333-3333-3333-333333333302', '11111111-1111-1111-1111-111111111102', '保养', '2026-04-20', 'none', 'normal', 0, 0, datetime('now')),
  ('33333333-3333-3333-3333-333333333303', '11111111-1111-1111-1111-111111111101', '保险', '2026-08-20', 'yearly', 'normal', 0, 0, datetime('now')),
  ('33333333-3333-3333-3333-333333333304', '11111111-1111-1111-1111-111111111104', '年审', '2026-06-01', 'yearly', 'normal', 0, 0, datetime('now')),
  ('33333333-3333-3333-3333-333333333305', '11111111-1111-1111-1111-111111111104', '保养', '2026-03-18', 'none', 'high', 1, 0, datetime('now')),
  ('33333333-3333-3333-3333-333333333306', '11111111-1111-1111-1111-111111111103', '检修', '2026-04-05', 'quarterly', 'low', 0, 0, datetime('now')),
  ('33333333-3333-3333-3333-333333333307', '11111111-1111-1111-1111-111111111105', '检修', '2026-02-15', 'none', 'critical', 0, 0, datetime('now')),
  ('33333333-3333-3333-3333-333333333308', '11111111-1111-1111-1111-111111111106', '年审', '2026-04-01', 'yearly', 'high', 0, 0, datetime('now')),
  ('33333333-3333-3333-3333-333333333309', '11111111-1111-1111-1111-111111111106', '保养', '2026-05-18', 'semiannual', 'normal', 0, 0, datetime('now')),
  ('33333333-3333-3333-3333-333333333310', '11111111-1111-1111-1111-111111111109', '检修', '2026-04-12', 'monthly', 'normal', 0, 1, datetime('now')),
  ('33333333-3333-3333-3333-333333333311', '11111111-1111-1111-1111-111111111110', '保险', '2026-07-10', 'yearly', 'low', 0, 0, datetime('now')),
  ('33333333-3333-3333-3333-333333333312', '11111111-1111-1111-1111-111111111108', '保养', '2026-03-12', 'quarterly', 'normal', 0, 0, datetime('now'));

-- ========== 状态变更日志（8 条）==========
INSERT OR IGNORE INTO asset_status_logs (id, asset_id, from_status, to_status, note, created_at) VALUES
  ('44444444-4444-4444-4444-444444444401', '11111111-1111-1111-1111-111111111105', 'active', 'maintenance', '起升异响报修，转入维保状态', datetime('now', '-10 days')),
  ('44444444-4444-4444-4444-444444444402', '11111111-1111-1111-1111-111111111101', 'active', 'active', '季度例行检查无异常，保持在用', datetime('now', '-45 days')),
  ('44444444-4444-4444-4444-444444444403', '11111111-1111-1111-1111-111111111106', 'active', 'active', '新购入库，建档完成', datetime('now', '-400 days')),
  ('44444444-4444-4444-4444-444444444404', '11111111-1111-1111-1111-111111111102', 'maintenance', 'active', '液压检修完工，试机合格恢复在用', datetime('now', '-25 days')),
  ('44444444-4444-4444-4444-444444444405', '11111111-1111-1111-1111-111111111104', 'active', 'active', '完成年度计量校准，证书归档', datetime('now', '-60 days')),
  ('44444444-4444-4444-4444-444444444406', '11111111-1111-1111-1111-111111111109', 'active', 'maintenance', '钢丝绳探伤发现断丝超标，暂停吊装作业', datetime('now', '-18 days')),
  ('44444444-4444-4444-4444-444444444407', '11111111-1111-1111-1111-111111111109', 'maintenance', 'active', '更换钢丝绳段后复检合格，恢复作业', datetime('now', '-12 days')),
  ('44444444-4444-4444-4444-444444444408', '11111111-1111-1111-1111-111111111110', 'active', 'active', '外借归还验收，外观及油液正常', datetime('now', '-8 days'));

-- ========== 违章 / 事故（8 条：违章4 + 事故4）==========
INSERT OR IGNORE INTO incidents (id, asset_id, kind, event_date, location, detail, penalty, status, claim_amount, repair_detail, r2_key, created_at) VALUES
  ('55555555-5555-5555-5555-555555555501', '11111111-1111-1111-1111-111111111101', 'violation', '2025-11-03', '广园快速路', '超速 10% 以内，电子眼抓拍', '扣3分罚款200', '已处理', NULL, NULL, NULL, datetime('now')),
  ('55555555-5555-5555-5555-555555555502', '11111111-1111-1111-1111-111111111104', 'accident', '2025-07-21', '南山工地出入口', '倒车刮蹭围墙，无人员伤亡', NULL, '结案', '1800', '右后保险杠钣金喷漆', NULL, datetime('now')),
  ('55555555-5555-5555-5555-555555555503', '11111111-1111-1111-1111-111111111106', 'violation', '2025-09-15', '黄埔大道', '闯禁令时段通行黄牌货车', '扣1分罚款200', '已处理', NULL, NULL, NULL, datetime('now')),
  ('55555555-5555-5555-5555-555555555504', '11111111-1111-1111-1111-111111111110', 'violation', '2025-12-01', '汕头金砂路', '违停被抄牌', '罚款200', '已缴费', NULL, NULL, NULL, datetime('now')),
  ('55555555-5555-5555-5555-555555555505', '11111111-1111-1111-1111-111111111101', 'violation', '2025-08-08', '环城高速', '未按规定粘贴反光条，教育放行', '警告', '已处理', NULL, NULL, NULL, datetime('now')),
  ('55555555-5555-5555-5555-555555555506', '11111111-1111-1111-1111-111111111104', 'accident', '2025-03-12', '广深沿江高速', '被后车追尾，本车无责', NULL, '结案', '0', '后杠轻微变形，对方保险赔付', NULL, datetime('now')),
  ('55555555-5555-5555-5555-555555555507', '11111111-1111-1111-1111-111111111106', 'accident', '2025-06-30', '物流园装卸区', '倒车碰擦第三方货车尾灯', NULL, '协商赔偿', '650', '更换尾灯总成', NULL, datetime('now')),
  ('55555555-5555-5555-5555-555555555508', '11111111-1111-1111-1111-111111111110', 'accident', '2025-10-05', '项目部便道', '会车刮擦树枝导致前挡裂痕', NULL, '自修', '1200', '更换前挡风玻璃', NULL, datetime('now'));

-- ========== 故障事件（8 条）==========
INSERT OR IGNORE INTO fault_events (id, asset_id, fault_code, symptom, event_date, resolved_date, is_rework, created_at) VALUES
  ('66666666-6666-6666-6666-666666666601', '11111111-1111-1111-1111-111111111102', 'HYD-01', '大臂起升缓慢、油温偏高', '2025-12-28', '2026-01-02', 0, datetime('now')),
  ('66666666-6666-6666-6666-666666666602', '11111111-1111-1111-1111-111111111105', 'ELV-09', '起升电机异响、电流波动', '2026-01-05', '2026-01-08', 0, datetime('now')),
  ('66666666-6666-6666-6666-666666666603', '11111111-1111-1111-1111-111111111103', 'GEN-E01', '输出电压不稳，负载跳闸', '2025-11-02', '2025-11-04', 0, datetime('now')),
  ('66666666-6666-6666-6666-666666666604', '11111111-1111-1111-1111-111111111108', 'AIR-P02', '排气高温停机频繁', '2025-10-18', '2025-10-22', 0, datetime('now')),
  ('66666666-6666-6666-6666-666666666605', '11111111-1111-1111-1111-111111111104', 'VEH-B01', 'ABS 故障灯间歇点亮', '2025-09-05', '2025-09-06', 0, datetime('now')),
  ('66666666-6666-6666-6666-666666666606', '11111111-1111-1111-1111-111111111106', 'VEH-DPF', 'DPF 再生指示灯常亮', '2025-12-12', NULL, 0, datetime('now')),
  ('66666666-6666-6666-6666-666666666607', '11111111-1111-1111-1111-111111111107', 'RLL-V03', '振动频率不稳，仪表报警', '2025-11-20', '2025-12-05', 1, datetime('now')),
  ('66666666-6666-6666-6666-666666666608', '11111111-1111-1111-1111-111111111109', 'CRN-W01', '卷扬制动带磨损报警', '2025-10-01', '2025-10-12', 0, datetime('now'));

-- ========== 车辆台账（8 条，行驶证风格）==========
INSERT OR IGNORE INTO vehicle_ledgers (
  id, internal_no, plate_no, vehicle_type, brand_model, vin, engine_no,
  registration_date, owner_name, owner_address, usage_nature, certificate_issue_date, archive_no,
  rated_passengers, gross_mass, curb_weight, overall_dimensions,
  fuel_type, rated_load, department, default_driver, parking_location,
  insurance_company, compulsory_insurance_due, commercial_insurance_due, insurance_remark,
  annual_inspection_due, emission_test_date, safety_performance_date,
  total_mileage, last_service_date, last_service_mileage, next_service_date, next_service_mileage,
  tire_changed_date, battery_changed_date, brake_changed_date, gearbox_oil_changed_date,
  usage_status, common_faults, remark, created_at
) VALUES
  ('77777777-7777-7777-7777-777777777701',
   'ZC-2024-001', '粤A·D12345', '轻型货车', '江淮 帅铃Q6', 'LJ11KBBC5M9123456', '4DA1-2.8L-77821',
   '2021-03-20', '某某工程有限公司', '广州市天河区某某路88号', '货运', '2021-03-22', '粤A档字第100123号',
   '3', '4495', '2560', '5995×2170×2320',
   '柴油', '1495', '一车队', '张伟', '天河基地停车场',
   '人保财险', '2026-08-20', '2026-08-20', '三者200万',
   '2026-05-10', '2025-11-01', '2025-11-01',
   '83500', '2025-12-01', '82000', '2026-06-01', '92000',
   '2025-08-10', '2024-05-01', '2025-12-01', '2025-10-01',
   '正常使用', '夏季水温偶发偏高', '与资产「轻型货车 A1」对照', datetime('now')),
  ('77777777-7777-7777-7777-777777777702',
   'ZC-2019-008', '粤B·9K882', '检测车', '依维柯 Daily', 'NJ6597ERCEV123456', 'F1C-3.0-55200',
   '2019-06-05', '某某工程有限公司', '深圳市南山区某某大道168号', '非营运', '2019-06-08', '粤B档字第200456号',
   '6', '3500', '2280', '5998×2010×2750',
   '柴油', NULL, '试验室', '李娜', '南山检测场',
   '平安财险', '2026-03-15', '2026-03-15', '含车上人员',
   '2026-06-01', '2025-09-10', '2025-09-10',
   '118200', '2025-09-18', '118200', '2026-03-18', '125000',
   '2025-03-20', '2023-11-01', '2025-09-18', '2024-08-01',
   '正常使用', NULL, '弯沉检测车', datetime('now')),
  ('77777777-7777-7777-7777-777777777703',
   'ZC-2022-016', '粤A·H99887', '重型货车', '东风天龙 KL', 'LGAFWB9M5N8123456', 'dCi11-465-90211',
   '2022-11-08', '某某工程有限公司', '广州市黄埔区港前路99号', '货运', '2022-11-10', '粤A档字第100889号',
   '2', '25000', '8870', '11990×2550×3950',
   '柴油', '16000', '二车队', '马强', '黄埔堆场',
   '太平洋财险', '2026-09-01', '2026-09-01', '超赔险附加',
   '2026-04-01', '2025-10-20', '2025-10-20',
   '142000', '2025-11-18', '140500', '2026-05-18', '148000',
   '2025-06-01', '2024-12-01', '2025-11-01', '2025-08-01',
   '正常使用', 'DPF 再生较频繁', '与资产「重型货车 B2」对照', datetime('now')),
  ('77777777-7777-7777-7777-777777777704',
   'ZC-2024-022', '粤D·66N01', '轻型货车', '长城 炮 商用版', 'LGWDB1795RJ123456', 'GW4D20M-445566',
   '2024-02-18', '某某工程有限公司', '汕头市龙湖区某某街12号', '非营运', '2024-02-20', '粤D档字第066001号',
   '5', '3470', '2050', '5413×1934×1886',
   '柴油', '500', '项目部', '陈凯', '汕头项目部',
   '人保财险', '2026-07-10', '2026-07-10', '标准套餐',
   '2027-01-01', '2025-12-01', '2025-12-01',
   '18500', '2025-12-28', '18500', '2026-06-28', '28500',
   '2025-11-01', '2025-02-01', '2025-12-20', '2025-06-01',
   '正常使用', NULL, '工程皮卡', datetime('now')),
  ('77777777-7777-7777-7777-777777777705',
   'ZC-2018-003', '粤A·试20088', '专项作业车', '奔驰 Sprinter 改装', 'WDB9066331N123456', 'OM651-2.1-7788',
   '2018-05-12', '某某检测有限公司', '广州市番禺区创新大道1号', '非营运', '2018-05-15', '粤A档字第试20088号',
   '3', '3500', '2680', '5910×1993×2680',
   '柴油', NULL, '试验室', '王磊', '番禺试验基地',
   '平安财险', '2026-04-01', '2026-04-01', '仪器设备险附加',
   '2026-06-01', '2025-08-15', '2025-08-15',
   '96500', '2025-06-02', '96800', '2026-06-02', '106000',
   '2025-01-10', '2023-06-01', '2025-06-02', '2024-12-01',
   '正常使用', '上装取力器偶发异响', '备用演示：专项作业', datetime('now')),
  ('77777777-7777-7777-7777-777777777706',
   'ZC-2021-011', '粤E·77889', 'SUV', '丰田 汉兰达', 'LFMJW30J8M1234567', 'A25A-FKS-99001',
   '2021-08-01', '某某工程有限公司', '佛山市南海区桂澜路200号', '非营运', '2021-08-05', '粤E档字第778890号',
   '7', '2390', '1910', '4965×1930×1750',
   '汽油', NULL, '综合办', '何敏', '南海办公楼',
   '人保财险', '2026-08-01', '2026-08-01', NULL,
   '2027-08-01', '2025-07-01', NULL,
   '62000', '2025-11-10', '61500', '2026-05-10', '71500',
   '2025-05-01', '2024-08-01', '2025-10-01', '2025-03-01',
   '正常使用', NULL, '公务接待兼巡查', datetime('now')),
  ('77777777-7777-7777-7777-777777777707',
   'ZC-2020-007', '粤A·K33221', '轻型货车', '福田 欧马可', 'LVBV3JBB5LM123456', 'F2.8NS6B156-7788',
   '2020-12-10', '某某工程有限公司', '广州市白云区广从路55号', '货运', '2020-12-12', '粤A档字第K33221号',
   '3', '4495', '2480', '5995×2200×2350',
   '柴油', '1735', '一车队', '黄波', '白云仓库',
   '阳光财险', '2026-05-01', '2026-05-01', NULL,
   '2026-05-08', '2025-11-20', '2025-11-20',
   '128000', '2025-10-01', '127200', '2026-04-01', '138000',
   '2025-09-01', '2023-11-01', '2025-10-01', '2025-04-01',
   '正常使用', '离合器踏板偏重', '补充台账演示', datetime('now')),
  ('77777777-7777-7777-7777-777777777708',
   'ZC-2019-019', '粤S·88Q00', '轿车', '大众 帕萨特', 'LSVET69FXKN123456', 'EA888-2.0T-5566',
   '2019-11-20', '某某工程有限公司', '东莞市南城区宏图路8号', '非营运', '2019-11-22', '粤S档字第88Q00号',
   '5', '1620', '1455', '4933×1836×1469',
   '汽油', NULL, '市场部', '林婷', '南城停车场',
   '太保财险', '2026-11-20', '2026-11-20', NULL,
   '2025-11-20', '2025-10-10', NULL,
   '88000', '2025-09-01', '87500', '2026-03-01', '98000',
   '2025-04-01', '2024-01-01', '2025-08-01', '2025-02-01',
   '正常使用', NULL, '客户拜访用车', datetime('now'));
